id,dateCreation,dateFin,prixHT,idEtat,idType,idUtilisateur,idTVA,idRestaurant
1,2021-01-01 13:59:31,2021-01-01 18:10:13,11.6,1,1,16,2,44
2,2021-01-01 02:26:00,2021-01-01 12:58:39,7.2,2,2,33,2,27
3,2021-01-01 01:28:11,2021-01-01 11:39:26,16.5,6,1,55,1,95
4,2021-01-01 13:28:05,2021-01-01 10:41:39,13.1,3,2,76,1,54
5,2021-01-01 09:19:05,2021-01-01 10:00:14,14.8,2,2,45,1,2
6,2021-01-01 08:59:07,2021-01-01 15:12:21,14.1,1,2,88,3,95
7,2021-01-01 00:56:06,2021-01-01 18:07:58,2.0,3,2,71,3,61
8,2021-01-01 10:42:43,2021-01-01 11:35:06,5.3,6,2,90,3,37
9,2021-01-01 04:19:38,2021-01-01 13:43:58,3.3,5,1,34,3,88
10,2021-01-01 03:02:21,2021-01-01 01:38:13,16.6,2,2,8,3,7
11,2021-01-01 14:47:04,2021-01-01 13:28:35,6.6,3,1,49,3,37
12,2021-01-01 17:48:05,2021-01-01 01:02:31,7.0,6,1,80,3,52
13,2021-01-01 13:21:01,2021-01-01 13:44:16,9.8,5,2,9,3,3
14,2021-01-01 06:30:06,2021-01-01 12:10:22,6.9,6,1,54,1,83
15,2021-01-01 08:05:57,2021-01-01 11:59:40,5.1,5,2,98,1,48
16,2021-01-01 10:59:46,2021-01-01 05:08:28,17.0,6,2,54,1,67
17,2021-01-01 00:12:47,2021-01-01 11:37:02,12.1,6,2,20,3,33
18,2021-01-01 13:36:27,2021-01-01 13:07:20,10.5,2,1,85,3,31
19,2021-01-01 09:08:42,2021-01-01 02:35:54,10.8,1,2,86,2,43
20,2021-01-01 08:36:01,2021-01-01 02:34:59,4.9,6,1,28,1,36
21,2021-01-01 09:15:40,2021-01-01 17:03:37,9.2,1,1,30,3,34
22,2021-01-01 01:26:28,2021-01-01 05:15:34,10.0,6,2,95,2,28
23,2021-01-01 14:49:45,2021-01-01 09:40:10,19.7,3,2,62,3,52
24,2021-01-01 02:27:14,2021-01-01 10:01:07,12.6,4,2,46,1,95
25,2021-01-01 06:56:23,2021-01-01 10:25:52,9.2,5,1,93,1,52
26,2021-01-01 09:29:10,2021-01-01 05:49:02,13.6,4,1,14,1,33
27,2021-01-01 07:01:17,2021-01-01 12:24:00,13.4,5,2,77,1,12
28,2021-01-01 10:19:20,2021-01-01 14:43:57,7.4,4,2,94,1,8
29,2021-01-01 12:05:44,2021-01-01 19:57:13,11.8,1,1,10,2,93
30,2021-01-01 15:21:14,2021-01-01 06:32:27,4.0,1,1,82,1,34
31,2021-01-01 10:48:55,2021-01-01 12:58:20,4.7,1,2,91,3,26
32,2021-01-01 19:26:56,2021-01-01 10:20:18,9.3,1,1,15,2,32
33,2021-01-01 00:11:54,2021-01-01 01:41:19,13.0,2,1,21,2,83
34,2021-01-01 11:44:57,2021-01-01 01:57:30,18.4,3,1,65,2,23
35,2021-01-01 18:34:39,2021-01-01 10:41:42,7.9,4,1,64,2,91
36,2021-01-01 06:32:34,2021-01-01 12:41:01,18.9,4,1,42,1,36
37,2021-01-01 18:45:37,2021-01-01 05:36:42,8.9,5,2,7,1,74
38,2021-01-01 10:17:54,2021-01-01 06:30:57,5.0,6,2,49,1,30
39,2021-01-01 10:39:13,2021-01-01 13:26:51,3.3,6,2,63,1,35
40,2021-01-01 03:24:43,2021-01-01 11:49:09,15.1,4,1,49,1,63
41,2021-01-01 11:22:06,2021-01-01 10:45:50,7.8,1,1,5,3,100
42,2021-01-01 07:34:58,2021-01-01 12:19:52,12.6,6,1,82,3,86
43,2021-01-01 18:22:54,2021-01-01 09:53:40,5.5,6,1,19,2,29
44,2021-01-01 18:48:30,2021-01-01 12:04:11,8.5,1,1,63,3,94
45,2021-01-01 19:34:35,2021-01-01 11:27:01,16.8,3,2,76,1,84
46,2021-01-01 04:22:27,2021-01-01 08:15:59,11.0,4,2,9,1,17
47,2021-01-01 00:18:53,2021-01-01 19:49:10,13.2,3,2,42,3,96
48,2021-01-01 01:58:20,2021-01-01 16:53:09,17.2,4,1,94,1,65
49,2021-01-01 12:58:21,2021-01-01 07:34:03,8.5,6,1,47,2,51
50,2021-01-01 19:22:38,2021-01-01 01:59:27,2.0,6,1,88,3,60
51,2021-01-01 14:19:56,2021-01-01 01:10:37,16.4,5,2,16,1,50
52,2021-01-01 07:38:50,2021-01-01 09:58:03,17.4,6,2,50,3,93
53,2021-01-01 05:24:12,2021-01-01 01:41:21,16.5,3,1,64,2,81
54,2021-01-01 19:46:18,2021-01-01 04:54:00,13.6,1,2,88,3,63
55,2021-01-01 19:02:22,2021-01-01 02:23:53,7.6,4,2,22,2,58
56,2021-01-01 11:25:48,2021-01-01 07:35:53,19.7,6,1,30,2,10
57,2021-01-01 01:29:23,2021-01-01 00:47:52,3.4,6,2,99,2,74
58,2021-01-01 05:32:37,2021-01-01 18:44:39,6.5,4,2,92,1,1
59,2021-01-01 10:03:39,2021-01-01 11:34:39,19.3,5,2,56,1,93
60,2021-01-01 02:34:20,2021-01-01 06:37:27,16.1,5,1,98,3,29
61,2021-01-01 11:29:09,2021-01-01 07:51:07,11.5,5,1,17,3,82
62,2021-01-01 12:01:41,2021-01-01 13:43:31,14.1,5,2,34,3,10
63,2021-01-01 00:31:14,2021-01-01 00:03:23,17.4,5,1,67,3,47
64,2021-01-01 01:06:46,2021-01-01 07:30:24,10.9,4,2,50,3,52
65,2021-01-01 04:35:40,2021-01-01 08:24:27,3.7,2,2,30,2,8
66,2021-01-01 10:24:17,2021-01-01 10:17:15,19.3,3,2,38,1,34
67,2021-01-01 02:01:51,2021-01-01 10:18:46,5.9,3,1,92,2,18
68,2021-01-01 18:05:32,2021-01-01 14:12:47,7.3,4,2,99,1,17
69,2021-01-01 18:56:18,2021-01-01 00:49:21,4.7,3,2,31,1,84
70,2021-01-01 08:10:10,2021-01-01 06:43:01,7.7,3,1,75,2,11
71,2021-01-01 17:53:55,2021-01-01 08:20:20,14.0,1,1,62,1,88
72,2021-01-01 13:52:10,2021-01-01 11:26:35,17.3,6,2,91,1,99
73,2021-01-01 14:29:37,2021-01-01 15:45:34,11.6,1,2,93,1,90
74,2021-01-01 18:30:44,2021-01-01 08:06:54,14.1,4,2,50,2,90
75,2021-01-01 04:42:15,2021-01-01 03:45:38,7.0,5,1,32,2,15
76,2021-01-01 08:39:31,2021-01-01 04:07:08,11.5,3,1,84,3,37
77,2021-01-01 15:00:05,2021-01-01 08:33:00,15.9,2,1,34,2,20
78,2021-01-01 09:23:39,2021-01-01 19:12:17,10.9,5,1,87,1,72
79,2021-01-01 06:01:46,2021-01-01 02:44:00,16.7,4,2,97,1,17
80,2021-01-01 15:17:18,2021-01-01 10:16:29,7.3,4,2,90,2,41
81,2021-01-01 15:51:45,2021-01-01 17:23:06,8.7,4,1,93,3,15
82,2021-01-01 18:38:02,2021-01-01 15:49:50,12.1,5,1,93,2,25
83,2021-01-01 17:05:07,2021-01-01 13:06:59,7.2,3,1,26,1,48
84,2021-01-01 09:23:28,2021-01-01 08:17:17,8.4,5,1,83,3,9
85,2021-01-01 18:00:00,2021-01-01 14:55:32,2.2,2,1,20,3,37
86,2021-01-01 12:58:44,2021-01-01 13:24:44,19.3,4,2,14,3,78
87,2021-01-01 01:04:04,2021-01-01 10:23:39,12.5,1,2,76,2,36
88,2021-01-01 11:47:17,2021-01-01 18:39:05,7.8,5,2,14,1,11
89,2021-01-01 08:15:23,2021-01-01 07:48:14,5.3,1,2,64,2,33
90,2021-01-01 05:26:34,2021-01-01 08:14:30,18.2,5,1,14,3,45
91,2021-01-01 10:13:08,2021-01-01 12:57:52,4.4,5,1,45,3,53
92,2021-01-01 01:26:26,2021-01-01 16:08:15,10.2,4,2,3,3,45
93,2021-01-01 14:30:58,2021-01-01 16:00:30,6.4,2,2,28,3,51
94,2021-01-01 13:23:18,2021-01-01 11:50:15,6.9,2,1,47,1,1
95,2021-01-01 13:54:16,2021-01-01 03:26:15,19.7,5,1,58,1,15
96,2021-01-01 09:31:12,2021-01-01 14:07:13,18.9,5,1,96,2,8
97,2021-01-01 04:48:54,2021-01-01 10:36:38,6.4,3,1,3,2,91
98,2021-01-01 10:13:31,2021-01-01 11:51:26,15.2,1,1,90,3,31
99,2021-01-01 15:38:43,2021-01-01 05:12:02,5.5,1,1,84,2,88
100,2021-01-01 09:20:19,2021-01-01 12:17:44,13.9,1,2,98,1,43
101,2021-01-01 08:28:02,2021-01-01 11:51:32,11.6,2,2,86,3,31
102,2021-01-01 10:46:40,2021-01-01 13:31:15,16.8,2,1,54,3,66
103,2021-01-01 14:49:19,2021-01-01 13:28:04,2.3,3,1,86,2,52
104,2021-01-01 11:43:22,2021-01-01 05:16:27,18.9,5,2,88,1,45
105,2021-01-01 07:14:32,2021-01-01 14:20:32,12.8,5,1,4,3,1
106,2021-01-01 15:40:49,2021-01-01 00:52:05,19.5,3,1,53,2,41
107,2021-01-01 09:54:05,2021-01-01 14:44:23,4.3,5,2,80,3,11
108,2021-01-01 14:24:15,2021-01-01 06:33:11,6.1,1,1,16,1,93
109,2021-01-01 08:54:11,2021-01-01 15:32:17,5.2,2,1,37,3,71
110,2021-01-01 09:33:46,2021-01-01 05:56:56,17.2,2,2,67,1,67
111,2021-01-01 10:12:18,2021-01-01 00:25:24,12.6,3,1,69,1,51
112,2021-01-01 00:00:15,2021-01-01 18:46:29,14.2,6,1,49,2,14
113,2021-01-01 04:54:52,2021-01-01 02:39:05,7.6,5,2,33,1,52
114,2021-01-01 12:01:24,2021-01-01 05:01:17,17.8,4,2,48,1,28
115,2021-01-01 13:57:48,2021-01-01 03:01:47,7.2,1,2,54,2,9
116,2021-01-01 03:16:42,2021-01-01 06:50:45,17.9,1,2,9,3,81
117,2021-01-01 16:03:48,2021-01-01 18:14:43,3.9,5,2,55,1,14
118,2021-01-01 17:17:48,2021-01-01 10:18:42,14.5,6,1,44,3,23
119,2021-01-01 10:32:09,2021-01-01 16:51:48,15.8,5,1,16,2,93
120,2021-01-01 13:54:43,2021-01-01 11:00:01,4.1,5,1,27,1,6
121,2021-01-01 10:57:47,2021-01-01 07:12:24,8.3,2,1,13,2,80
122,2021-01-01 14:31:57,2021-01-01 01:28:34,12.8,6,1,67,3,58
123,2021-01-01 09:52:09,2021-01-01 13:09:14,6.6,6,2,34,3,77
124,2021-01-01 02:30:26,2021-01-01 02:25:14,10.8,1,1,84,3,13
125,2021-01-01 06:43:29,2021-01-01 05:41:06,10.0,3,1,49,3,56
126,2021-01-01 13:12:03,2021-01-01 10:43:52,10.5,2,2,54,1,99
127,2021-01-01 16:22:20,2021-01-01 10:46:49,15.9,6,1,1,1,74
128,2021-01-01 13:26:04,2021-01-01 15:38:46,18.9,1,2,65,3,87
129,2021-01-01 11:46:36,2021-01-01 05:18:36,16.1,5,2,37,3,79
130,2021-01-01 12:13:03,2021-01-01 16:46:54,17.2,3,1,30,2,74
131,2021-01-01 13:05:55,2021-01-01 12:18:43,17.0,4,1,17,2,76
132,2021-01-01 03:45:11,2021-01-01 03:28:41,10.7,4,2,11,3,81
133,2021-01-01 08:56:21,2021-01-01 01:12:44,19.0,4,2,4,1,5
134,2021-01-01 12:20:04,2021-01-01 04:18:57,10.5,3,1,40,2,24
135,2021-01-01 02:41:05,2021-01-01 17:31:36,4.5,3,2,10,1,33
136,2021-01-01 14:46:31,2021-01-01 18:31:45,11.8,1,1,37,1,67
137,2021-01-01 10:34:20,2021-01-01 03:53:17,5.1,4,1,23,2,84
138,2021-01-01 00:00:24,2021-01-01 07:10:54,7.5,5,1,59,3,50
139,2021-01-01 09:35:39,2021-01-01 19:39:51,13.2,2,2,60,1,87
140,2021-01-01 14:20:21,2021-01-01 17:29:43,16.0,2,2,65,3,10
141,2021-01-01 14:18:46,2021-01-01 12:55:40,11.5,1,1,36,3,49
142,2021-01-01 09:51:50,2021-01-01 00:54:10,5.7,1,1,28,3,67
143,2021-01-01 02:51:28,2021-01-01 12:30:11,16.7,3,2,56,1,89
144,2021-01-01 13:45:40,2021-01-01 02:03:58,7.4,1,2,53,1,39
145,2021-01-01 13:14:32,2021-01-01 18:59:30,14.9,5,1,80,1,67
146,2021-01-01 19:34:20,2021-01-01 17:54:19,6.5,3,2,80,1,16
147,2021-01-01 19:24:59,2021-01-01 06:04:22,11.1,6,1,64,1,93
148,2021-01-01 11:56:59,2021-01-01 12:14:42,6.5,1,1,44,3,81
149,2021-01-01 07:05:01,2021-01-01 10:22:52,16.7,1,1,51,1,26
150,2021-01-01 08:12:26,2021-01-01 06:40:59,17.0,6,2,60,3,3
151,2021-01-01 13:18:12,2021-01-01 14:18:19,10.4,2,2,9,1,33
152,2021-01-01 11:14:19,2021-01-01 06:31:38,13.0,4,2,15,1,95
153,2021-01-01 05:08:32,2021-01-01 17:56:35,8.3,5,2,27,3,19
154,2021-01-01 12:12:59,2021-01-01 12:18:29,8.6,6,1,29,1,28
155,2021-01-01 10:17:47,2021-01-01 01:32:17,2.4,5,1,34,2,82
156,2021-01-01 03:42:23,2021-01-01 07:49:31,3.7,1,1,51,2,51
157,2021-01-01 01:40:20,2021-01-01 10:01:51,19.7,2,2,32,1,81
158,2021-01-01 05:39:59,2021-01-01 15:50:14,2.1,6,2,47,3,83
159,2021-01-01 15:29:20,2021-01-01 16:06:25,6.5,3,1,100,1,76
160,2021-01-01 14:11:53,2021-01-01 11:44:35,14.7,1,1,23,3,26
161,2021-01-01 12:52:31,2021-01-01 13:54:04,18.7,3,2,1,2,92
162,2021-01-01 03:15:43,2021-01-01 16:53:42,5.5,6,2,34,1,38
163,2021-01-01 08:19:04,2021-01-01 15:03:41,6.8,1,2,68,2,29
164,2021-01-01 07:20:29,2021-01-01 19:54:37,12.5,6,2,38,2,90
165,2021-01-01 17:05:50,2021-01-01 18:13:11,19.6,3,1,96,1,28
166,2021-01-01 07:07:15,2021-01-01 13:17:08,5.7,2,2,73,2,6
167,2021-01-01 19:21:40,2021-01-01 17:22:08,6.9,1,2,46,1,31
168,2021-01-01 13:20:32,2021-01-01 10:00:30,13.0,1,1,55,2,25
169,2021-01-01 10:07:53,2021-01-01 15:06:43,9.9,1,1,8,2,30
170,2021-01-01 13:50:49,2021-01-01 03:03:05,18.5,1,1,89,3,39
171,2021-01-01 11:22:19,2021-01-01 11:22:21,7.1,3,1,1,1,51
172,2021-01-01 06:25:30,2021-01-01 14:35:11,2.6,3,2,100,1,60
173,2021-01-01 05:36:41,2021-01-01 07:22:57,11.4,5,1,76,3,22
174,2021-01-01 12:42:07,2021-01-01 04:50:16,3.1,2,2,49,2,56
175,2021-01-01 13:41:20,2021-01-01 01:59:18,4.4,6,2,41,1,74
176,2021-01-01 10:44:09,2021-01-01 13:58:18,8.3,6,1,25,3,52
177,2021-01-01 13:39:06,2021-01-01 10:01:25,8.9,2,1,78,3,54
178,2021-01-01 00:08:43,2021-01-01 08:05:44,12.5,3,1,4,1,74
179,2021-01-01 11:44:34,2021-01-01 03:44:52,9.4,4,2,7,2,87
180,2021-01-01 09:50:27,2021-01-01 04:07:54,18.6,4,2,38,3,87
181,2021-01-01 04:28:15,2021-01-01 17:31:41,7.7,2,1,13,3,14
182,2021-01-01 05:34:05,2021-01-01 12:42:56,17.0,4,1,5,3,97
183,2021-01-01 08:14:04,2021-01-01 05:45:12,19.9,2,2,68,2,68
184,2021-01-01 02:24:37,2021-01-01 12:01:50,7.2,1,2,32,2,21
185,2021-01-01 10:57:36,2021-01-01 17:40:07,11.8,6,2,79,3,99
186,2021-01-01 04:41:17,2021-01-01 04:04:09,19.9,6,2,93,2,18
187,2021-01-01 10:29:53,2021-01-01 13:38:53,3.6,3,2,98,1,60
188,2021-01-01 10:53:43,2021-01-01 05:39:55,15.1,1,2,7,2,44
189,2021-01-01 07:08:50,2021-01-01 01:54:28,18.8,5,1,49,2,32
190,2021-01-01 10:39:17,2021-01-01 03:43:55,9.1,5,2,76,1,95
191,2021-01-01 08:43:17,2021-01-01 14:41:47,13.2,2,1,85,3,51
192,2021-01-01 10:49:45,2021-01-01 10:22:18,9.3,5,2,72,1,94
193,2021-01-01 00:57:10,2021-01-01 00:37:30,12.0,6,1,57,2,23
194,2021-01-01 06:17:45,2021-01-01 01:07:59,12.0,1,1,90,1,59
195,2021-01-01 09:14:26,2021-01-01 13:09:10,11.0,3,1,1,1,77
196,2021-01-01 01:52:05,2021-01-01 12:27:11,9.1,6,2,50,3,70
197,2021-01-01 14:26:13,2021-01-01 15:01:26,13.9,1,2,81,1,37
198,2021-01-01 09:21:51,2021-01-01 09:15:50,8.3,3,2,12,3,28
199,2021-01-01 05:56:47,2021-01-01 19:00:53,11.5,1,1,61,2,80
200,2021-01-01 07:00:59,2021-01-01 12:50:05,14.1,3,2,37,1,18
201,2021-01-01 12:42:02,2021-01-01 09:52:15,17.4,2,1,89,1,82
202,2021-01-01 14:51:29,2021-01-01 15:48:35,2.4,5,2,59,3,1
203,2021-01-01 12:48:47,2021-01-01 08:10:00,8.5,3,1,24,1,38
204,2021-01-01 08:12:49,2021-01-01 13:13:16,4.4,1,2,38,1,84
205,2021-01-01 13:56:24,2021-01-01 16:10:24,15.3,3,2,25,2,29
206,2021-01-01 10:33:13,2021-01-01 19:24:22,12.9,1,2,74,2,98
207,2021-01-01 09:01:32,2021-01-01 09:11:36,15.9,4,2,25,2,92
208,2021-01-01 17:30:17,2021-01-01 07:09:55,3.2,3,1,51,3,64
209,2021-01-01 17:16:17,2021-01-01 19:56:14,6.6,3,1,41,1,99
210,2021-01-01 03:28:16,2021-01-01 12:02:04,18.8,5,2,73,2,7
211,2021-01-01 15:38:06,2021-01-01 14:11:15,18.2,2,1,22,2,38
212,2021-01-01 03:34:47,2021-01-01 00:26:27,14.7,3,1,21,3,55
213,2021-01-01 09:37:04,2021-01-01 16:33:27,19.8,5,1,40,1,42
214,2021-01-01 08:00:43,2021-01-01 01:48:02,15.4,6,1,69,1,52
215,2021-01-01 04:22:47,2021-01-01 10:45:45,19.5,6,1,84,1,80
216,2021-01-01 09:45:11,2021-01-01 18:18:17,17.5,4,2,61,3,51
217,2021-01-01 03:55:12,2021-01-01 12:41:28,18.7,1,2,33,3,92
218,2021-01-01 07:43:47,2021-01-01 02:08:40,8.1,2,1,31,2,52
219,2021-01-01 11:08:37,2021-01-01 02:51:39,10.1,2,1,34,2,6
220,2021-01-01 09:18:09,2021-01-01 10:05:42,13.3,6,2,17,2,2
221,2021-01-01 14:54:50,2021-01-01 00:06:37,12.4,4,1,96,3,50
222,2021-01-01 09:51:56,2021-01-01 19:28:05,18.3,1,2,70,3,62
223,2021-01-01 05:35:09,2021-01-01 04:04:53,7.9,1,1,73,3,43
224,2021-01-01 01:17:25,2021-01-01 13:37:19,19.1,1,2,78,1,60
225,2021-01-01 17:30:38,2021-01-01 02:27:15,3.6,1,1,70,3,79
226,2021-01-01 11:01:13,2021-01-01 08:32:41,19.5,6,1,43,2,47
227,2021-01-01 13:32:58,2021-01-01 02:06:34,13.5,6,2,1,2,81
228,2021-01-01 02:13:17,2021-01-01 11:23:56,4.9,1,2,26,3,88
229,2021-01-01 11:59:04,2021-01-01 12:59:35,10.4,4,2,6,1,17
230,2021-01-01 16:25:53,2021-01-01 12:24:27,10.5,5,2,92,3,57
231,2021-01-01 03:12:21,2021-01-01 10:54:36,19.3,2,2,84,1,32
232,2021-01-01 16:29:13,2021-01-01 12:18:03,4.5,2,1,33,3,44
233,2021-01-01 07:16:48,2021-01-01 02:43:44,12.5,5,2,47,3,87
234,2021-01-01 02:13:47,2021-01-01 13:25:38,17.3,5,2,10,3,70
235,2021-01-01 18:15:48,2021-01-01 05:58:37,2.6,5,1,1,2,33
236,2021-01-01 13:30:03,2021-01-01 17:02:40,15.2,3,2,48,2,26
237,2021-01-01 06:36:46,2021-01-01 17:56:56,18.1,6,1,27,2,36
238,2021-01-01 00:18:53,2021-01-01 08:25:37,14.2,2,2,98,1,54
239,2021-01-01 15:54:46,2021-01-01 12:35:21,13.2,6,1,70,2,4
240,2021-01-01 16:49:31,2021-01-01 09:43:26,18.1,1,2,74,3,32
241,2021-01-01 02:04:05,2021-01-01 11:56:03,17.4,2,2,99,1,27
242,2021-01-01 10:22:21,2021-01-01 16:58:18,19.8,2,2,6,1,89
243,2021-01-01 07:26:09,2021-01-01 10:48:49,18.3,2,2,38,2,91
244,2021-01-01 19:32:37,2021-01-01 09:55:40,5.8,4,2,3,1,82
245,2021-01-01 18:07:07,2021-01-01 18:29:57,19.7,1,1,34,2,57
246,2021-01-01 02:40:40,2021-01-01 03:11:54,7.2,1,2,94,1,2
247,2021-01-01 10:53:14,2021-01-01 05:59:52,13.5,3,2,95,3,86
248,2021-01-01 13:52:32,2021-01-01 03:27:21,11.8,2,2,29,3,84
249,2021-01-01 02:54:12,2021-01-01 02:36:09,4.2,4,2,79,3,98
250,2021-01-01 06:57:05,2021-01-01 02:35:32,13.5,3,1,95,2,5
251,2021-01-01 15:46:43,2021-01-01 15:51:05,15.9,3,1,48,1,62
252,2021-01-01 11:39:23,2021-01-01 15:50:05,11.0,6,1,67,3,6
253,2021-01-01 11:34:27,2021-01-01 18:47:38,12.4,3,1,31,3,18
254,2021-01-01 04:34:27,2021-01-01 12:18:41,18.8,1,1,89,3,96
255,2021-01-01 17:24:11,2021-01-01 12:33:48,9.3,5,1,50,3,68
256,2021-01-01 11:58:59,2021-01-01 15:29:57,18.7,2,2,93,2,67
257,2021-01-01 16:48:15,2021-01-01 16:49:20,12.8,4,1,29,2,28
258,2021-01-01 14:00:29,2021-01-01 09:44:29,12.4,5,1,19,3,66
259,2021-01-01 10:29:37,2021-01-01 10:23:51,11.6,6,1,40,2,94
260,2021-01-01 09:40:48,2021-01-01 14:29:05,8.3,6,1,60,2,71
261,2021-01-01 12:05:34,2021-01-01 06:07:20,15.6,1,2,63,1,68
262,2021-01-01 07:19:47,2021-01-01 12:14:18,19.1,6,2,3,3,89
263,2021-01-01 02:43:58,2021-01-01 19:05:35,5.7,6,2,37,2,9
264,2021-01-01 01:07:30,2021-01-01 07:27:15,13.3,1,2,22,2,58
265,2021-01-01 18:20:11,2021-01-01 13:16:24,17.5,3,2,83,3,80
266,2021-01-01 13:03:10,2021-01-01 17:10:24,9.2,2,1,90,2,98
267,2021-01-01 01:54:36,2021-01-01 11:17:24,2.4,4,2,35,3,58
268,2021-01-01 03:53:17,2021-01-01 12:23:00,18.8,6,1,100,1,47
269,2021-01-01 11:11:26,2021-01-01 12:29:49,8.5,5,2,14,1,43
270,2021-01-01 05:25:39,2021-01-01 17:46:41,13.0,5,1,68,3,71
271,2021-01-01 17:16:24,2021-01-01 10:46:42,6.1,5,1,32,2,28
272,2021-01-01 12:04:50,2021-01-01 18:09:28,8.1,6,1,29,3,11
273,2021-01-01 10:04:11,2021-01-01 08:39:49,2.9,1,1,93,2,33
274,2021-01-01 03:37:34,2021-01-01 19:26:06,12.1,4,1,93,3,25
275,2021-01-01 10:53:35,2021-01-01 08:29:39,8.9,2,1,50,1,42
276,2021-01-01 13:00:43,2021-01-01 11:25:42,13.4,4,2,13,3,31
277,2021-01-01 16:59:02,2021-01-01 01:19:24,14.7,4,1,81,2,3
278,2021-01-01 19:24:33,2021-01-01 04:54:42,2.9,2,2,29,2,11
279,2021-01-01 17:56:00,2021-01-01 01:11:24,16.9,2,1,92,1,53
280,2021-01-01 14:22:25,2021-01-01 15:17:41,7.3,2,1,45,1,88
281,2021-01-01 13:59:06,2021-01-01 08:38:21,6.6,6,1,45,1,9
282,2021-01-01 07:38:35,2021-01-01 13:45:46,15.7,6,1,74,1,4
283,2021-01-01 06:12:50,2021-01-01 13:07:45,15.3,4,1,98,3,44
284,2021-01-01 11:50:34,2021-01-01 01:05:42,3.8,1,2,79,2,45
285,2021-01-01 02:27:54,2021-01-01 10:48:59,3.9,6,1,80,2,17
286,2021-01-01 10:23:20,2021-01-01 03:29:07,8.1,6,1,15,3,92
287,2021-01-01 16:53:32,2021-01-01 12:10:28,10.5,3,1,47,1,39
288,2021-01-01 02:08:14,2021-01-01 01:58:19,11.7,2,1,96,3,8
289,2021-01-01 03:53:16,2021-01-01 16:24:55,7.4,4,1,15,1,39
290,2021-01-01 10:08:05,2021-01-01 04:44:34,12.7,5,1,37,1,87
291,2021-01-01 09:54:29,2021-01-01 12:10:08,19.4,2,1,53,1,90
292,2021-01-01 05:41:28,2021-01-01 15:52:09,8.2,2,2,70,2,56
293,2021-01-01 11:51:46,2021-01-01 10:00:18,10.4,1,2,85,3,84
294,2021-01-01 05:08:56,2021-01-01 15:21:03,3.8,5,1,92,1,93
295,2021-01-01 02:15:28,2021-01-01 12:10:56,5.6,1,1,37,3,9
296,2021-01-01 11:36:55,2021-01-01 09:11:05,2.2,6,1,61,1,3
297,2021-01-01 13:47:51,2021-01-01 17:12:15,10.7,2,2,38,1,46
298,2021-01-01 04:14:12,2021-01-01 01:35:40,15.1,1,1,13,1,35
299,2021-01-01 12:14:21,2021-01-01 17:53:42,6.1,4,1,69,2,33
300,2021-01-01 18:35:03,2021-01-01 01:37:14,7.1,5,2,35,2,70
301,2021-01-01 06:29:25,2021-01-01 00:41:47,17.4,2,1,91,1,50
302,2021-01-01 11:55:09,2021-01-01 19:37:29,10.6,3,2,8,2,15
303,2021-01-01 04:35:47,2021-01-01 17:54:13,4.0,5,1,72,1,29
304,2021-01-01 10:14:35,2021-01-01 06:28:40,13.0,1,1,98,2,60
305,2021-01-01 19:20:16,2021-01-01 01:18:45,5.3,3,2,14,3,29
306,2021-01-01 14:47:14,2021-01-01 10:27:54,8.3,1,1,31,3,56
307,2021-01-01 15:54:52,2021-01-01 06:23:43,19.5,2,1,68,1,56
308,2021-01-01 18:33:56,2021-01-01 02:52:42,11.0,3,2,72,3,16
309,2021-01-01 12:29:07,2021-01-01 05:41:45,7.5,3,1,12,2,62
310,2021-01-01 03:22:59,2021-01-01 07:02:22,3.2,5,2,78,3,2
311,2021-01-01 07:01:14,2021-01-01 08:22:58,7.4,1,2,39,1,47
312,2021-01-01 03:17:35,2021-01-01 13:01:14,14.6,5,1,12,1,78
313,2021-01-01 01:23:23,2021-01-01 02:31:40,13.4,5,2,41,1,31
314,2021-01-01 04:50:45,2021-01-01 12:16:47,12.8,2,2,91,3,46
315,2021-01-01 13:23:17,2021-01-01 14:25:59,10.7,6,1,62,1,7
316,2021-01-01 12:07:53,2021-01-01 04:27:57,19.2,2,1,37,1,33
317,2021-01-01 06:47:17,2021-01-01 10:20:10,6.1,6,1,66,2,92
318,2021-01-01 12:14:30,2021-01-01 08:12:15,18.8,1,2,19,3,24
319,2021-01-01 03:05:00,2021-01-01 13:06:06,16.2,2,2,42,1,86
320,2021-01-01 10:30:30,2021-01-01 10:50:40,17.0,3,1,97,1,78
321,2021-01-01 11:09:00,2021-01-01 06:14:04,18.5,3,1,46,1,85
322,2021-01-01 05:32:27,2021-01-01 13:25:55,2.6,6,2,16,3,55
323,2021-01-01 13:32:52,2021-01-01 12:59:22,8.6,4,2,92,2,86
324,2021-01-01 10:18:03,2021-01-01 11:18:56,14.3,1,2,84,2,15
325,2021-01-01 02:16:10,2021-01-01 11:36:46,11.7,2,2,73,3,50
326,2021-01-01 05:59:33,2021-01-01 10:56:48,16.3,5,1,83,3,68
327,2021-01-01 17:59:57,2021-01-01 05:40:52,15.4,1,1,39,1,42
328,2021-01-01 11:30:25,2021-01-01 19:25:48,17.9,5,2,13,2,47
329,2021-01-01 14:28:32,2021-01-01 11:01:21,15.5,6,2,19,2,74
330,2021-01-01 16:52:42,2021-01-01 03:25:20,7.8,1,1,70,1,36
331,2021-01-01 13:46:38,2021-01-01 09:36:15,6.3,1,2,11,1,43
332,2021-01-01 06:55:13,2021-01-01 14:07:33,14.3,6,1,28,2,84
333,2021-01-01 06:16:35,2021-01-01 15:57:34,8.2,2,2,58,3,5
334,2021-01-01 10:22:59,2021-01-01 15:48:25,13.8,3,2,98,3,70
335,2021-01-01 13:14:38,2021-01-01 13:47:24,4.5,5,1,9,3,40
336,2021-01-01 11:57:03,2021-01-01 03:10:34,14.9,1,1,78,3,37
337,2021-01-01 13:55:51,2021-01-01 14:28:24,16.4,1,2,12,1,1
338,2021-01-01 03:30:09,2021-01-01 04:27:11,11.4,4,2,53,1,14
339,2021-01-01 12:26:37,2021-01-01 12:06:45,10.3,4,1,91,2,96
340,2021-01-01 06:31:23,2021-01-01 16:35:28,3.5,6,1,1,1,11
341,2021-01-01 18:33:17,2021-01-01 13:36:02,9.8,1,1,83,1,50
342,2021-01-01 07:05:59,2021-01-01 01:40:54,6.1,3,1,80,1,29
343,2021-01-01 00:25:25,2021-01-01 18:22:31,7.4,1,2,11,2,63
344,2021-01-01 08:33:38,2021-01-01 07:42:18,3.7,1,1,42,2,83
345,2021-01-01 09:11:38,2021-01-01 07:11:46,15.0,2,1,28,3,89
346,2021-01-01 07:37:35,2021-01-01 03:48:47,5.2,2,1,47,2,27
347,2021-01-01 08:29:52,2021-01-01 02:00:30,6.7,4,1,68,2,72
348,2021-01-01 02:36:25,2021-01-01 13:17:26,18.6,1,1,42,2,1
349,2021-01-01 04:29:38,2021-01-01 11:07:47,19.8,4,2,16,1,5
350,2021-01-01 13:12:22,2021-01-01 05:44:15,8.4,3,2,45,2,87
351,2021-01-01 12:53:30,2021-01-01 03:51:44,18.7,5,2,97,3,2
352,2021-01-01 07:28:20,2021-01-01 10:59:31,11.4,6,1,10,3,52
353,2021-01-01 18:01:39,2021-01-01 15:13:09,6.9,6,1,2,3,87
354,2021-01-01 18:15:34,2021-01-01 02:58:23,18.4,3,2,42,3,29
355,2021-01-01 15:07:06,2021-01-01 00:31:30,7.1,1,2,44,1,58
356,2021-01-01 07:26:32,2021-01-01 01:38:19,15.9,5,1,42,2,95
357,2021-01-01 14:59:53,2021-01-01 19:02:37,4.0,3,1,73,3,95
358,2021-01-01 14:51:10,2021-01-01 06:44:48,12.2,5,1,10,1,97
359,2021-01-01 09:11:45,2021-01-01 10:46:35,17.6,5,2,64,3,26
360,2021-01-01 12:20:16,2021-01-01 19:44:32,9.9,1,1,71,3,97
361,2021-01-01 12:51:57,2021-01-01 12:52:06,10.4,3,2,9,2,42
362,2021-01-01 09:34:46,2021-01-01 07:48:05,14.4,3,1,62,2,65
363,2021-01-01 01:55:43,2021-01-01 07:55:11,8.9,4,1,21,2,31
364,2021-01-01 05:47:33,2021-01-01 12:27:32,9.5,3,1,17,3,40
365,2021-01-01 15:40:57,2021-01-01 19:23:35,5.3,3,1,79,3,82
366,2021-01-01 06:26:35,2021-01-01 18:25:48,14.5,2,1,10,2,45
367,2021-01-01 05:37:33,2021-01-01 12:04:59,4.7,6,2,98,3,98
368,2021-01-01 06:35:10,2021-01-01 04:07:56,12.0,5,2,97,3,78
369,2021-01-01 06:43:28,2021-01-01 00:03:53,8.0,2,2,99,1,9
370,2021-01-01 17:33:22,2021-01-01 17:50:40,5.1,2,2,20,2,95
371,2021-01-01 07:43:16,2021-01-01 12:57:42,6.2,1,2,54,2,15
372,2021-01-01 19:02:59,2021-01-01 06:44:46,15.5,2,2,93,1,43
373,2021-01-01 07:28:48,2021-01-01 15:13:47,15.9,3,1,30,3,84
374,2021-01-01 12:34:23,2021-01-01 17:34:41,11.6,3,1,3,1,9
375,2021-01-01 12:53:57,2021-01-01 17:31:36,3.8,6,2,23,1,60
376,2021-01-01 13:27:05,2021-01-01 11:27:01,19.1,2,1,35,2,47
377,2021-01-01 16:24:19,2021-01-01 18:34:11,14.1,3,1,28,2,65
378,2021-01-01 19:55:48,2021-01-01 13:04:58,8.9,2,2,14,1,34
379,2021-01-01 10:28:48,2021-01-01 10:00:12,5.4,4,2,20,1,76
380,2021-01-01 11:23:52,2021-01-01 10:12:52,3.8,6,2,3,3,16
381,2021-01-01 10:27:23,2021-01-01 13:54:29,18.5,2,2,11,1,65
382,2021-01-01 02:34:58,2021-01-01 09:06:55,13.6,2,1,62,1,63
383,2021-01-01 10:49:34,2021-01-01 19:39:58,2.9,2,1,72,1,21
384,2021-01-01 05:36:24,2021-01-01 11:22:31,17.1,2,1,84,2,61
385,2021-01-01 09:31:08,2021-01-01 15:23:36,16.1,2,1,32,3,51
386,2021-01-01 05:28:56,2021-01-01 12:11:10,16.0,3,2,76,3,54
387,2021-01-01 18:10:08,2021-01-01 00:30:43,3.0,2,1,88,3,3
388,2021-01-01 15:38:50,2021-01-01 07:33:12,17.1,3,1,73,1,66
389,2021-01-01 10:26:08,2021-01-01 09:45:12,19.5,6,1,69,2,77
390,2021-01-01 09:10:04,2021-01-01 13:21:08,9.6,2,1,19,2,8
391,2021-01-01 10:12:43,2021-01-01 18:50:35,3.6,2,1,78,1,88
392,2021-01-01 10:41:24,2021-01-01 05:26:11,14.9,2,1,16,3,20
393,2021-01-01 11:57:47,2021-01-01 09:06:43,15.5,2,1,43,1,95
394,2021-01-01 03:19:35,2021-01-01 18:12:43,7.0,5,1,28,1,56
395,2021-01-01 11:00:30,2021-01-01 09:50:02,6.1,1,1,38,3,65
396,2021-01-01 04:40:48,2021-01-01 17:35:52,15.8,4,1,17,1,76
397,2021-01-01 15:52:51,2021-01-01 03:48:58,14.9,2,1,67,3,82
398,2021-01-01 03:56:55,2021-01-01 09:48:52,17.2,3,2,70,2,66
399,2021-01-01 10:43:59,2021-01-01 06:22:15,16.9,3,2,25,3,66
400,2021-01-01 10:10:56,2021-01-01 09:02:45,9.7,2,1,17,2,69
401,2021-01-01 12:50:27,2021-01-01 14:14:42,13.1,3,1,57,2,47
402,2021-01-01 14:38:28,2021-01-01 13:43:28,18.6,1,2,87,1,43
403,2021-01-01 13:27:25,2021-01-01 08:16:09,18.9,5,2,83,1,9
404,2021-01-01 00:49:04,2021-01-01 17:17:41,2.7,4,2,76,1,32
405,2021-01-01 02:59:50,2021-01-01 13:52:36,19.0,4,2,17,2,48
406,2021-01-01 10:56:59,2021-01-01 03:04:20,13.7,6,1,96,3,99
407,2021-01-01 16:09:53,2021-01-01 09:01:08,11.8,2,1,98,2,47
408,2021-01-01 12:28:09,2021-01-01 14:43:44,16.8,3,1,97,2,26
409,2021-01-01 02:58:09,2021-01-01 13:50:07,17.9,3,1,27,1,39
410,2021-01-01 03:12:15,2021-01-01 09:19:02,3.4,6,1,93,3,74
411,2021-01-01 02:31:48,2021-01-01 03:19:15,8.2,1,1,79,2,81
412,2021-01-01 02:32:57,2021-01-01 12:46:34,14.0,5,1,28,2,13
413,2021-01-01 07:02:15,2021-01-01 19:30:59,10.6,2,2,20,3,4
414,2021-01-01 08:20:22,2021-01-01 07:54:37,13.1,1,1,59,3,98
415,2021-01-01 13:32:01,2021-01-01 10:03:37,17.0,6,2,19,2,6
416,2021-01-01 19:03:47,2021-01-01 15:43:15,10.5,2,2,75,3,12
417,2021-01-01 08:57:01,2021-01-01 15:59:08,18.3,3,2,87,1,66
418,2021-01-01 06:16:10,2021-01-01 04:44:56,16.7,2,2,92,3,62
419,2021-01-01 12:06:38,2021-01-01 12:55:09,5.8,2,2,36,1,27
420,2021-01-01 19:41:50,2021-01-01 19:44:35,18.7,3,2,55,1,60
421,2021-01-01 00:24:55,2021-01-01 17:19:09,19.2,1,1,45,1,16
422,2021-01-01 15:11:11,2021-01-01 01:29:08,17.4,6,2,87,1,89
423,2021-01-01 08:37:46,2021-01-01 13:31:43,7.2,6,1,17,1,67
424,2021-01-01 04:06:11,2021-01-01 00:02:41,7.1,6,1,38,2,40
425,2021-01-01 10:20:17,2021-01-01 09:29:18,7.2,1,1,5,2,14
426,2021-01-01 13:29:58,2021-01-01 07:43:58,2.2,2,2,72,3,46
427,2021-01-01 05:40:11,2021-01-01 01:37:43,12.4,2,1,17,1,85
428,2021-01-01 11:32:34,2021-01-01 13:45:06,2.8,5,1,52,1,87
429,2021-01-01 03:09:49,2021-01-01 17:19:06,17.4,1,1,16,3,81
430,2021-01-01 00:22:34,2021-01-01 14:56:01,7.1,3,1,62,2,38
431,2021-01-01 15:09:01,2021-01-01 19:01:50,16.9,4,2,58,3,18
432,2021-01-01 06:34:55,2021-01-01 03:12:58,3.9,2,1,32,3,5
433,2021-01-01 13:37:45,2021-01-01 14:00:57,9.5,2,2,59,2,76
434,2021-01-01 04:53:35,2021-01-01 11:18:24,2.5,5,1,22,3,5
435,2021-01-01 12:16:23,2021-01-01 19:17:11,17.6,6,1,58,2,57
436,2021-01-01 12:35:03,2021-01-01 09:00:21,10.8,5,1,5,1,83
437,2021-01-01 03:26:32,2021-01-01 17:53:47,12.0,1,2,2,3,69
438,2021-01-01 16:55:10,2021-01-01 01:06:15,16.5,3,1,51,2,36
439,2021-01-01 02:57:10,2021-01-01 04:11:13,4.2,1,1,13,1,90
440,2021-01-01 03:09:12,2021-01-01 10:34:11,17.9,4,2,69,2,72
441,2021-01-01 08:06:01,2021-01-01 14:19:25,11.6,1,2,47,1,95
442,2021-01-01 07:38:12,2021-01-01 03:16:13,4.9,1,1,47,3,63
443,2021-01-01 06:15:53,2021-01-01 19:39:36,2.8,3,2,70,3,36
444,2021-01-01 05:51:37,2021-01-01 11:59:59,6.6,4,2,60,3,94
445,2021-01-01 12:51:46,2021-01-01 01:05:47,7.3,4,2,6,1,78
446,2021-01-01 09:50:29,2021-01-01 10:25:57,15.1,3,2,91,2,55
447,2021-01-01 13:06:00,2021-01-01 16:34:41,8.4,5,1,91,1,30
448,2021-01-01 17:18:43,2021-01-01 18:13:17,18.1,4,2,23,1,9
449,2021-01-01 10:08:39,2021-01-01 11:22:04,11.4,3,1,15,1,3
450,2021-01-01 13:51:27,2021-01-01 05:15:42,5.8,6,1,1,1,86
451,2021-01-01 04:59:03,2021-01-01 13:39:40,4.6,3,1,8,2,7
452,2021-01-01 03:51:52,2021-01-01 13:29:28,15.9,2,1,56,1,9
453,2021-01-01 09:41:42,2021-01-01 12:11:28,5.4,6,2,44,3,96
454,2021-01-01 12:00:02,2021-01-01 00:29:31,4.7,4,1,55,3,53
455,2021-01-01 10:07:45,2021-01-01 01:21:22,18.8,2,1,23,2,49
456,2021-01-01 13:33:52,2021-01-01 02:35:01,6.7,1,1,33,3,79
457,2021-01-01 11:06:49,2021-01-01 15:42:02,8.2,6,2,31,3,23
458,2021-01-01 01:29:57,2021-01-01 04:28:10,19.1,4,2,68,1,74
459,2021-01-01 12:11:36,2021-01-01 00:28:22,14.1,6,2,70,3,15
460,2021-01-01 12:09:03,2021-01-01 08:31:25,10.5,5,1,32,1,48
461,2021-01-01 06:22:18,2021-01-01 00:57:10,19.3,4,2,76,2,35
462,2021-01-01 18:36:44,2021-01-01 01:00:34,13.0,1,1,81,3,31
463,2021-01-01 11:40:50,2021-01-01 01:08:38,5.8,2,2,28,3,41
464,2021-01-01 06:48:18,2021-01-01 12:13:01,10.6,2,2,99,3,47
465,2021-01-01 11:39:37,2021-01-01 17:11:05,5.8,1,2,89,2,99
466,2021-01-01 12:24:04,2021-01-01 10:24:34,6.1,2,1,82,3,60
467,2021-01-01 13:23:23,2021-01-01 10:15:25,12.1,5,2,82,3,28
468,2021-01-01 08:29:26,2021-01-01 01:55:20,19.7,6,1,48,3,24
469,2021-01-01 13:42:44,2021-01-01 14:35:38,10.2,3,2,85,3,30
470,2021-01-01 15:27:39,2021-01-01 17:28:48,3.1,2,1,34,1,11
471,2021-01-01 10:30:33,2021-01-01 05:03:51,13.1,1,1,8,3,9
472,2021-01-01 01:43:29,2021-01-01 04:16:58,2.5,3,1,41,1,80
473,2021-01-01 10:56:04,2021-01-01 11:42:27,13.9,5,2,45,3,36
474,2021-01-01 09:23:31,2021-01-01 08:27:41,5.1,6,1,22,1,21
475,2021-01-01 05:55:41,2021-01-01 17:59:36,7.6,1,2,76,2,58
476,2021-01-01 13:17:18,2021-01-01 17:49:32,2.3,3,2,54,1,10
477,2021-01-01 11:49:39,2021-01-01 11:31:39,4.5,3,1,18,1,17
478,2021-01-01 11:07:03,2021-01-01 06:18:35,5.1,1,2,62,3,47
479,2021-01-01 05:57:51,2021-01-01 01:10:55,8.0,1,1,21,2,60
480,2021-01-01 08:02:03,2021-01-01 10:48:11,9.2,1,1,94,2,4
481,2021-01-01 01:51:08,2021-01-01 17:15:11,4.5,1,1,45,1,27
482,2021-01-01 04:12:57,2021-01-01 13:25:14,13.5,6,2,64,3,25
483,2021-01-01 16:04:16,2021-01-01 12:02:19,6.6,6,2,37,1,57
484,2021-01-01 01:06:23,2021-01-01 11:16:08,18.3,2,1,73,1,38
485,2021-01-01 03:18:24,2021-01-01 04:49:14,5.4,6,2,84,3,47
486,2021-01-01 10:34:56,2021-01-01 06:57:35,16.3,3,2,68,1,89
487,2021-01-01 03:45:39,2021-01-01 02:04:16,11.8,2,1,35,2,89
488,2021-01-01 18:52:21,2021-01-01 13:51:34,9.9,3,1,83,2,79
489,2021-01-01 00:41:40,2021-01-01 06:35:27,2.5,5,1,80,1,1
490,2021-01-01 11:31:01,2021-01-01 13:18:06,11.1,3,1,88,1,10
491,2021-01-01 00:57:57,2021-01-01 08:49:57,4.0,5,2,80,1,75
492,2021-01-01 13:35:53,2021-01-01 06:13:15,11.0,5,2,97,2,6
493,2021-01-01 10:03:42,2021-01-01 06:13:45,12.0,3,2,3,2,40
494,2021-01-01 09:08:44,2021-01-01 18:29:44,9.9,2,2,69,2,13
495,2021-01-01 14:21:49,2021-01-01 08:10:46,14.2,6,1,27,3,18
496,2021-01-01 19:11:12,2021-01-01 19:31:49,7.3,4,2,83,1,79
497,2021-01-01 04:52:05,2021-01-01 06:38:11,3.9,5,1,34,2,19
498,2021-01-01 17:48:18,2021-01-01 15:03:33,15.9,5,2,62,3,44
499,2021-01-01 03:16:35,2021-01-01 11:57:50,15.2,2,2,55,1,7
500,2021-01-01 12:52:25,2021-01-01 08:58:40,8.5,2,1,27,2,5
501,2021-01-01 12:33:20,2021-01-01 13:02:30,18.2,2,1,41,1,39
502,2021-01-01 11:25:06,2021-01-01 13:13:39,8.7,2,2,32,1,85
503,2021-01-01 03:11:35,2021-01-01 19:45:52,5.7,1,1,3,2,54
504,2021-01-01 03:40:43,2021-01-01 12:56:16,4.2,2,2,54,2,30
505,2021-01-01 18:20:46,2021-01-01 06:46:57,8.3,5,2,60,2,5
506,2021-01-01 14:05:04,2021-01-01 19:31:57,18.0,3,1,52,3,96
507,2021-01-01 04:30:11,2021-01-01 00:39:35,16.3,6,2,59,2,66
508,2021-01-01 11:44:05,2021-01-01 05:38:27,8.7,6,1,52,1,86
509,2021-01-01 06:42:21,2021-01-01 12:17:11,13.3,4,2,77,3,43
510,2021-01-01 01:16:52,2021-01-01 03:01:50,17.9,3,2,42,3,96
511,2021-01-01 15:02:16,2021-01-01 08:37:25,13.7,4,2,96,1,43
512,2021-01-01 17:27:34,2021-01-01 16:49:40,5.1,2,2,48,2,23
513,2021-01-01 03:55:18,2021-01-01 11:00:03,14.5,1,1,79,3,94
514,2021-01-01 17:41:06,2021-01-01 11:38:37,16.1,6,1,33,1,48
515,2021-01-01 06:10:30,2021-01-01 04:03:09,18.8,4,2,18,1,56
516,2021-01-01 01:28:48,2021-01-01 18:19:25,12.2,4,1,91,3,77
517,2021-01-01 15:17:47,2021-01-01 12:18:48,11.5,3,1,46,3,40
518,2021-01-01 14:53:21,2021-01-01 12:52:02,14.4,3,2,36,2,52
519,2021-01-01 02:06:55,2021-01-01 05:16:29,6.1,2,2,52,3,95
520,2021-01-01 01:34:00,2021-01-01 08:15:38,4.7,1,1,61,3,69
521,2021-01-01 11:07:12,2021-01-01 11:38:30,12.0,4,2,75,3,72
522,2021-01-01 13:17:31,2021-01-01 11:10:27,5.3,5,2,53,1,15
523,2021-01-01 12:47:58,2021-01-01 14:01:19,4.8,1,2,51,3,59
524,2021-01-01 09:42:37,2021-01-01 00:32:10,11.2,1,2,47,3,32
525,2021-01-01 06:27:08,2021-01-01 12:33:28,18.3,6,1,60,3,54
526,2021-01-01 03:29:18,2021-01-01 19:33:25,4.5,1,1,88,3,99
527,2021-01-01 02:17:58,2021-01-01 00:24:55,17.1,5,2,98,2,78
528,2021-01-01 08:52:03,2021-01-01 12:24:47,3.0,6,1,95,1,31
529,2021-01-01 18:34:16,2021-01-01 06:09:03,17.0,1,1,52,3,60
530,2021-01-01 11:28:23,2021-01-01 13:26:43,18.1,3,1,46,2,43
531,2021-01-01 17:51:10,2021-01-01 14:21:07,3.6,3,1,73,2,66
532,2021-01-01 05:16:07,2021-01-01 09:01:26,12.6,6,2,48,3,76
533,2021-01-01 12:19:11,2021-01-01 11:26:36,2.5,6,2,27,2,16
534,2021-01-01 13:08:56,2021-01-01 00:17:19,10.7,6,1,53,1,78
535,2021-01-01 01:42:04,2021-01-01 16:10:08,19.6,2,2,55,3,89
536,2021-01-01 11:55:14,2021-01-01 18:06:28,11.9,2,2,60,1,12
537,2021-01-01 02:55:51,2021-01-01 04:47:53,17.3,1,2,71,3,37
538,2021-01-01 02:11:24,2021-01-01 16:27:05,8.1,1,2,68,1,87
539,2021-01-01 12:22:03,2021-01-01 19:20:43,15.8,4,1,47,1,67
540,2021-01-01 12:30:45,2021-01-01 15:58:10,7.7,3,2,34,2,50
541,2021-01-01 01:54:39,2021-01-01 16:45:08,6.0,5,2,71,2,24
542,2021-01-01 11:30:48,2021-01-01 13:28:01,16.2,4,1,47,3,51
543,2021-01-01 04:34:42,2021-01-01 15:20:03,15.1,4,2,70,3,44
544,2021-01-01 14:08:13,2021-01-01 15:22:57,18.2,1,1,39,2,98
545,2021-01-01 18:29:11,2021-01-01 11:43:02,11.8,6,2,85,2,32
546,2021-01-01 16:27:32,2021-01-01 08:49:58,15.0,5,1,18,1,86
547,2021-01-01 01:22:48,2021-01-01 08:46:35,12.8,4,2,7,2,4
548,2021-01-01 18:07:50,2021-01-01 05:23:44,12.0,5,1,31,2,39
549,2021-01-01 06:49:20,2021-01-01 02:04:33,6.4,1,1,99,3,90
550,2021-01-01 01:02:49,2021-01-01 03:27:33,18.4,5,2,2,2,22
551,2021-01-01 19:40:45,2021-01-01 17:00:57,4.6,3,2,26,2,74
552,2021-01-01 11:59:49,2021-01-01 08:22:56,5.5,2,1,6,2,45
553,2021-01-01 01:25:45,2021-01-01 19:54:52,9.4,4,1,44,2,2
554,2021-01-01 04:53:28,2021-01-01 16:54:31,2.6,1,2,71,3,3
555,2021-01-01 12:12:35,2021-01-01 09:25:32,19.0,1,2,70,3,51
556,2021-01-01 15:43:41,2021-01-01 16:56:21,15.4,6,1,32,3,70
557,2021-01-01 12:09:55,2021-01-01 07:43:21,4.7,1,1,66,2,79
558,2021-01-01 02:54:46,2021-01-01 13:18:35,16.1,2,1,5,1,51
559,2021-01-01 14:45:59,2021-01-01 03:58:54,9.3,1,2,39,1,66
560,2021-01-01 04:01:00,2021-01-01 08:49:35,13.1,2,2,10,1,63
561,2021-01-01 11:45:39,2021-01-01 15:47:45,10.6,3,1,77,1,49
562,2021-01-01 10:54:23,2021-01-01 12:01:00,17.8,4,1,4,3,31
563,2021-01-01 05:11:03,2021-01-01 13:03:53,2.1,3,1,81,2,46
564,2021-01-01 13:56:42,2021-01-01 11:36:15,15.0,2,2,31,1,13
565,2021-01-01 13:33:42,2021-01-01 04:06:08,5.8,3,1,91,3,66
566,2021-01-01 09:04:00,2021-01-01 13:04:08,6.3,4,1,23,2,82
567,2021-01-01 05:28:11,2021-01-01 03:42:32,18.7,5,1,83,2,92
568,2021-01-01 13:21:01,2021-01-01 04:18:15,15.0,2,2,10,2,14
569,2021-01-01 02:23:18,2021-01-01 08:20:41,5.8,2,1,72,3,77
570,2021-01-01 19:57:56,2021-01-01 10:07:11,13.9,3,2,40,2,19
571,2021-01-01 11:32:38,2021-01-01 11:02:39,17.3,6,1,75,2,2
572,2021-01-01 00:44:09,2021-01-01 02:12:25,2.0,4,2,19,2,95
573,2021-01-01 12:19:30,2021-01-01 10:51:04,13.8,3,2,55,3,29
574,2021-01-01 06:48:50,2021-01-01 12:46:15,7.6,5,1,23,2,70
575,2021-01-01 05:38:34,2021-01-01 14:25:30,8.0,5,2,60,2,79
576,2021-01-01 17:05:17,2021-01-01 11:38:42,17.4,5,2,20,1,40
577,2021-01-01 05:29:54,2021-01-01 14:20:19,8.2,1,1,76,3,100
578,2021-01-01 02:07:32,2021-01-01 04:50:24,5.9,4,2,58,3,78
579,2021-01-01 14:26:50,2021-01-01 12:14:07,3.3,1,2,76,3,82
580,2021-01-01 01:50:05,2021-01-01 10:11:27,14.2,5,1,71,3,36
581,2021-01-01 14:42:15,2021-01-01 01:58:58,4.4,6,1,73,1,53
582,2021-01-01 09:56:44,2021-01-01 00:11:59,16.2,4,2,7,1,66
583,2021-01-01 12:41:05,2021-01-01 06:24:50,5.7,2,2,70,3,18
584,2021-01-01 16:39:46,2021-01-01 07:51:16,7.6,3,1,87,3,80
585,2021-01-01 06:47:55,2021-01-01 09:44:41,4.1,3,2,13,1,40
586,2021-01-01 17:46:06,2021-01-01 03:11:59,14.6,2,1,26,2,96
587,2021-01-01 02:42:40,2021-01-01 09:40:47,9.1,5,1,94,3,96
588,2021-01-01 11:02:02,2021-01-01 14:00:16,7.7,2,1,95,3,83
589,2021-01-01 17:05:06,2021-01-01 03:28:57,6.0,3,1,93,2,69
590,2021-01-01 08:45:53,2021-01-01 16:03:38,5.3,2,1,42,2,18
591,2021-01-01 08:49:07,2021-01-01 14:02:33,7.9,2,1,78,1,66
592,2021-01-01 10:49:10,2021-01-01 18:51:45,3.1,6,2,22,1,92
593,2021-01-01 13:48:33,2021-01-01 01:22:41,15.5,6,2,74,1,25
594,2021-01-01 01:49:54,2021-01-01 13:10:29,18.9,1,1,26,2,47
595,2021-01-01 02:53:28,2021-01-01 05:46:08,2.5,6,2,35,3,33
596,2021-01-01 10:26:57,2021-01-01 03:09:40,3.0,1,1,30,1,84
597,2021-01-01 13:19:35,2021-01-01 12:20:15,18.9,3,2,29,1,32
598,2021-01-01 18:01:52,2021-01-01 10:28:59,13.9,2,1,18,1,4
599,2021-01-01 07:53:15,2021-01-01 07:29:53,6.9,5,1,64,1,14
600,2021-01-01 12:52:14,2021-01-01 13:28:00,12.5,5,2,86,1,74
601,2021-01-01 05:34:32,2021-01-01 07:45:52,7.1,5,2,94,2,85
602,2021-01-01 12:23:14,2021-01-01 18:02:06,3.6,5,1,7,3,58
603,2021-01-01 14:40:20,2021-01-01 19:47:59,9.7,1,2,93,2,92
604,2021-01-01 13:43:26,2021-01-01 01:18:23,15.3,4,2,27,1,91
605,2021-01-01 16:14:11,2021-01-01 09:07:05,7.2,4,1,98,1,79
606,2021-01-01 00:27:12,2021-01-01 17:17:16,10.4,2,2,42,2,49
607,2021-01-01 19:30:28,2021-01-01 02:12:02,12.9,2,1,7,2,29
608,2021-01-01 15:16:26,2021-01-01 06:10:47,13.4,3,1,17,1,34
609,2021-01-01 04:06:08,2021-01-01 02:48:45,3.8,5,2,1,2,49
610,2021-01-01 10:07:13,2021-01-01 09:38:56,18.0,5,1,13,3,100
611,2021-01-01 15:23:12,2021-01-01 06:18:32,16.6,1,1,2,2,60
612,2021-01-01 17:38:15,2021-01-01 18:44:02,7.2,1,2,10,2,34
613,2021-01-01 10:53:46,2021-01-01 14:01:44,14.2,4,2,60,3,66
614,2021-01-01 16:39:15,2021-01-01 01:49:54,12.8,6,2,91,2,87
615,2021-01-01 14:09:04,2021-01-01 13:43:54,5.7,5,1,71,1,13
616,2021-01-01 10:28:57,2021-01-01 08:05:07,17.7,5,1,76,1,86
617,2021-01-01 03:20:06,2021-01-01 11:52:21,3.2,1,2,95,1,66
618,2021-01-01 00:39:26,2021-01-01 02:23:41,11.0,2,1,73,1,59
619,2021-01-01 12:43:59,2021-01-01 09:36:41,16.9,6,1,89,3,87
620,2021-01-01 10:23:45,2021-01-01 05:00:16,2.7,2,1,53,3,79
621,2021-01-01 10:13:12,2021-01-01 17:44:40,2.6,2,1,60,1,70
622,2021-01-01 10:10:46,2021-01-01 12:18:33,18.2,3,2,45,3,17
623,2021-01-01 12:42:40,2021-01-01 04:47:02,9.6,2,1,50,1,49
624,2021-01-01 13:11:20,2021-01-01 10:41:49,10.2,5,1,52,2,50
625,2021-01-01 13:54:17,2021-01-01 03:22:41,19.7,1,2,91,2,24
626,2021-01-01 04:23:09,2021-01-01 06:33:07,18.0,6,1,83,3,78
627,2021-01-01 01:19:41,2021-01-01 14:28:35,12.8,2,2,56,1,25
628,2021-01-01 19:07:22,2021-01-01 15:23:46,19.9,3,2,10,2,22
629,2021-01-01 12:12:52,2021-01-01 12:27:47,17.2,6,1,97,1,2
630,2021-01-01 11:16:28,2021-01-01 12:23:18,15.5,2,1,80,1,3
631,2021-01-01 05:25:56,2021-01-01 12:29:11,7.9,1,1,51,3,15
632,2021-01-01 06:08:44,2021-01-01 14:03:13,16.1,3,2,75,2,61
633,2021-01-01 14:05:48,2021-01-01 11:09:12,13.2,2,2,24,1,13
634,2021-01-01 18:07:34,2021-01-01 05:02:27,19.8,3,2,99,1,92
635,2021-01-01 10:49:08,2021-01-01 03:37:01,2.1,5,1,19,1,5
636,2021-01-01 12:06:37,2021-01-01 15:18:55,16.1,1,1,46,2,66
637,2021-01-01 06:31:50,2021-01-01 04:16:59,6.3,6,2,15,2,36
638,2021-01-01 05:02:32,2021-01-01 19:54:40,7.8,1,1,45,2,65
639,2021-01-01 08:57:21,2021-01-01 15:34:58,18.9,4,2,41,2,85
640,2021-01-01 15:27:07,2021-01-01 06:00:48,3.7,1,1,8,1,73
641,2021-01-01 18:22:47,2021-01-01 04:42:59,18.0,4,1,50,2,36
642,2021-01-01 08:23:13,2021-01-01 15:52:19,17.1,2,1,92,2,16
643,2021-01-01 17:46:38,2021-01-01 10:30:09,2.9,2,1,37,1,66
644,2021-01-01 17:01:20,2021-01-01 01:41:32,6.8,4,2,24,3,56
645,2021-01-01 13:49:11,2021-01-01 18:33:09,5.5,4,1,81,1,49
646,2021-01-01 11:59:40,2021-01-01 10:32:20,6.1,4,2,55,3,21
647,2021-01-01 03:59:16,2021-01-01 04:42:18,7.8,3,2,4,3,79
648,2021-01-01 16:47:54,2021-01-01 08:09:33,6.2,4,2,33,3,13
649,2021-01-01 19:28:46,2021-01-01 07:23:57,19.1,5,2,89,2,45
650,2021-01-01 10:30:29,2021-01-01 11:48:49,18.7,6,1,20,2,37
651,2021-01-01 01:33:03,2021-01-01 13:48:08,19.7,4,2,29,2,77
652,2021-01-01 15:04:52,2021-01-01 00:01:51,18.0,6,1,32,3,34
653,2021-01-01 15:17:55,2021-01-01 06:36:29,8.5,1,2,91,2,6
654,2021-01-01 10:44:13,2021-01-01 05:58:23,8.2,1,1,25,3,66
655,2021-01-01 15:04:08,2021-01-01 09:42:20,19.4,3,2,70,3,74
656,2021-01-01 10:12:52,2021-01-01 11:16:52,7.7,5,1,15,2,99
657,2021-01-01 06:24:24,2021-01-01 06:59:25,18.3,4,2,80,1,7
658,2021-01-01 11:43:58,2021-01-01 12:28:46,15.6,2,1,43,1,22
659,2021-01-01 11:20:02,2021-01-01 07:14:06,10.2,6,2,100,1,21
660,2021-01-01 06:29:05,2021-01-01 11:43:39,10.3,4,2,44,3,92
661,2021-01-01 11:15:05,2021-01-01 13:55:04,12.0,4,1,3,3,29
662,2021-01-01 07:38:49,2021-01-01 08:38:06,3.0,5,2,9,1,13
663,2021-01-01 19:35:18,2021-01-01 18:58:49,2.3,3,2,37,3,13
664,2021-01-01 05:08:36,2021-01-01 09:03:36,15.0,1,2,5,3,29
665,2021-01-01 07:53:57,2021-01-01 00:07:02,17.4,6,2,51,1,73
666,2021-01-01 11:27:10,2021-01-01 05:47:40,11.5,2,2,50,1,92
667,2021-01-01 10:39:47,2021-01-01 16:47:02,8.9,6,2,58,2,26
668,2021-01-01 07:55:30,2021-01-01 04:19:34,8.0,3,1,43,1,84
669,2021-01-01 18:07:59,2021-01-01 03:43:06,12.4,6,1,85,3,16
670,2021-01-01 00:49:28,2021-01-01 16:25:53,10.6,6,1,31,3,18
671,2021-01-01 17:11:39,2021-01-01 10:32:51,4.2,6,2,53,1,13
672,2021-01-01 08:28:08,2021-01-01 10:05:58,17.5,6,1,38,1,39
673,2021-01-01 10:12:33,2021-01-01 00:16:54,14.0,6,1,66,3,81
674,2021-01-01 13:17:11,2021-01-01 11:02:42,12.7,3,2,51,1,33
675,2021-01-01 13:24:39,2021-01-01 11:57:19,18.2,6,2,77,2,15
676,2021-01-01 09:38:54,2021-01-01 10:05:19,3.9,3,2,88,1,69
677,2021-01-01 13:02:41,2021-01-01 02:35:27,15.6,6,2,89,1,28
678,2021-01-01 14:19:25,2021-01-01 08:38:39,15.9,2,1,65,2,56
679,2021-01-01 06:13:02,2021-01-01 12:37:19,9.2,1,1,73,1,62
680,2021-01-01 03:32:22,2021-01-01 03:36:12,2.1,1,2,47,1,56
681,2021-01-01 18:51:39,2021-01-01 13:17:53,14.1,4,2,22,2,27
682,2021-01-01 05:15:14,2021-01-01 10:19:34,13.1,5,1,11,3,96
683,2021-01-01 14:29:51,2021-01-01 15:24:44,10.2,4,1,77,3,100
684,2021-01-01 19:33:09,2021-01-01 13:33:52,4.9,2,2,67,3,47
685,2021-01-01 19:21:36,2021-01-01 07:52:05,5.1,5,2,47,1,27
686,2021-01-01 09:57:05,2021-01-01 05:47:50,12.8,5,1,56,2,21
687,2021-01-01 03:26:18,2021-01-01 02:14:54,18.4,4,1,40,3,61
688,2021-01-01 04:17:46,2021-01-01 05:59:38,3.8,2,1,76,2,79
689,2021-01-01 04:58:08,2021-01-01 16:08:58,13.8,5,2,31,1,84
690,2021-01-01 14:08:35,2021-01-01 12:02:08,13.1,1,1,98,2,19
691,2021-01-01 13:36:21,2021-01-01 13:54:47,17.7,5,2,83,3,25
692,2021-01-01 08:18:59,2021-01-01 03:32:12,19.4,2,2,19,3,8
693,2021-01-01 10:45:44,2021-01-01 14:14:11,15.0,5,2,80,3,99
694,2021-01-01 07:50:42,2021-01-01 14:04:39,4.6,4,2,90,3,35
695,2021-01-01 07:47:14,2021-01-01 08:31:03,17.8,1,1,79,2,81
696,2021-01-01 01:34:44,2021-01-01 04:46:38,5.3,5,1,25,3,87
697,2021-01-01 15:51:18,2021-01-01 12:38:13,10.8,2,1,3,3,29
698,2021-01-01 18:41:13,2021-01-01 13:10:03,3.4,3,2,34,2,24
699,2021-01-01 12:15:27,2021-01-01 01:50:40,5.5,6,2,88,1,42
700,2021-01-01 18:42:48,2021-01-01 17:39:06,20.0,4,1,71,2,4
701,2021-01-01 08:04:38,2021-01-01 17:15:33,8.8,4,2,17,1,11
702,2021-01-01 10:38:16,2021-01-01 05:20:17,6.6,6,2,8,3,96
703,2021-01-01 11:23:58,2021-01-01 15:13:41,16.7,3,2,39,3,40
704,2021-01-01 18:37:15,2021-01-01 13:16:35,12.1,5,2,19,2,23
705,2021-01-01 06:40:18,2021-01-01 05:52:04,13.4,2,2,91,3,39
706,2021-01-01 11:00:34,2021-01-01 06:05:36,7.5,3,1,88,2,99
707,2021-01-01 18:27:39,2021-01-01 07:58:50,14.3,4,2,42,1,93
708,2021-01-01 16:55:29,2021-01-01 06:05:23,8.2,1,2,67,3,72
709,2021-01-01 17:00:18,2021-01-01 18:16:54,3.3,5,1,37,2,98
710,2021-01-01 04:49:31,2021-01-01 14:30:04,12.6,3,2,51,3,89
711,2021-01-01 12:17:30,2021-01-01 09:45:25,2.6,2,1,69,2,45
712,2021-01-01 17:21:12,2021-01-01 14:05:20,14.6,6,2,64,1,18
713,2021-01-01 14:54:47,2021-01-01 08:14:43,8.0,5,1,88,3,97
714,2021-01-01 13:24:22,2021-01-01 06:31:42,8.7,2,2,87,1,52
715,2021-01-01 13:11:38,2021-01-01 04:21:47,4.3,6,2,57,1,78
716,2021-01-01 07:01:11,2021-01-01 02:02:01,11.4,2,1,17,3,75
717,2021-01-01 03:22:00,2021-01-01 19:50:00,11.0,5,1,34,3,38
718,2021-01-01 15:54:57,2021-01-01 06:07:23,6.5,1,2,24,3,2
719,2021-01-01 00:31:47,2021-01-01 09:43:46,16.0,6,1,90,2,55
720,2021-01-01 03:54:24,2021-01-01 12:31:14,17.2,5,2,77,2,30
721,2021-01-01 10:56:04,2021-01-01 15:37:15,16.2,2,1,48,3,72
722,2021-01-01 14:55:33,2021-01-01 11:34:50,18.7,5,1,57,2,8
723,2021-01-01 11:51:46,2021-01-01 13:05:26,16.2,5,2,51,2,70
724,2021-01-01 13:45:36,2021-01-01 10:04:56,4.6,5,2,78,1,13
725,2021-01-01 00:31:56,2021-01-01 10:55:38,18.0,6,1,84,1,53
726,2021-01-01 04:24:34,2021-01-01 12:35:24,3.8,4,2,91,3,85
727,2021-01-01 17:09:41,2021-01-01 10:03:17,16.4,3,1,24,2,37
728,2021-01-01 16:55:10,2021-01-01 08:12:30,13.9,1,2,34,2,50
729,2021-01-01 12:35:00,2021-01-01 04:54:44,9.5,1,1,71,2,79
730,2021-01-01 05:23:14,2021-01-01 08:33:55,9.8,6,2,90,1,41
731,2021-01-01 10:31:30,2021-01-01 19:25:49,19.6,5,1,97,3,72
732,2021-01-01 07:03:03,2021-01-01 10:57:46,14.0,5,2,60,3,22
733,2021-01-01 09:14:40,2021-01-01 19:50:57,9.7,5,1,18,2,69
734,2021-01-01 16:02:48,2021-01-01 11:23:18,12.7,3,1,67,1,87
735,2021-01-01 02:27:03,2021-01-01 16:27:50,6.8,6,2,54,3,73
736,2021-01-01 10:15:33,2021-01-01 06:55:58,5.7,3,1,77,2,27
737,2021-01-01 17:46:18,2021-01-01 13:18:47,12.3,6,1,51,1,79
738,2021-01-01 16:43:49,2021-01-01 04:32:54,14.8,5,2,93,3,74
739,2021-01-01 07:51:06,2021-01-01 14:40:29,13.2,5,1,45,3,72
740,2021-01-01 17:21:43,2021-01-01 12:51:51,6.1,5,1,14,1,4
741,2021-01-01 13:14:33,2021-01-01 03:03:37,16.9,2,1,87,1,74
742,2021-01-01 02:59:43,2021-01-01 13:31:31,9.1,5,1,69,2,15
743,2021-01-01 13:04:12,2021-01-01 16:19:01,13.7,1,1,45,3,28
744,2021-01-01 04:23:47,2021-01-01 18:13:45,19.8,4,2,96,1,56
745,2021-01-01 13:24:42,2021-01-01 12:12:07,9.1,6,1,26,3,53
746,2021-01-01 16:17:16,2021-01-01 04:39:10,9.5,6,2,14,3,4
747,2021-01-01 11:40:48,2021-01-01 10:49:17,2.3,5,2,44,1,47
748,2021-01-01 12:25:05,2021-01-01 00:51:39,7.7,5,2,11,1,16
749,2021-01-01 18:53:56,2021-01-01 00:30:29,10.1,4,1,33,3,62
750,2021-01-01 05:36:25,2021-01-01 03:57:26,11.7,2,1,91,1,62
751,2021-01-01 02:37:49,2021-01-01 13:07:28,11.6,3,2,14,3,13
752,2021-01-01 12:17:54,2021-01-01 10:21:20,10.0,6,1,92,3,29
753,2021-01-01 11:31:46,2021-01-01 14:17:36,6.7,1,1,88,2,100
754,2021-01-01 09:30:05,2021-01-01 09:27:35,3.0,1,2,40,1,36
755,2021-01-01 16:08:19,2021-01-01 05:24:46,19.5,1,1,4,1,8
756,2021-01-01 09:45:07,2021-01-01 12:08:29,18.7,2,2,77,1,68
757,2021-01-01 08:46:13,2021-01-01 19:54:45,4.8,4,1,16,3,35
758,2021-01-01 11:54:44,2021-01-01 18:29:03,3.6,1,2,49,1,96
759,2021-01-01 00:13:07,2021-01-01 11:00:05,16.3,5,1,79,2,51
760,2021-01-01 00:39:02,2021-01-01 11:15:41,14.3,4,1,27,3,84
761,2021-01-01 14:20:43,2021-01-01 06:27:13,8.9,1,2,42,1,43
762,2021-01-01 15:41:30,2021-01-01 12:06:01,18.4,2,1,52,2,85
763,2021-01-01 03:27:00,2021-01-01 19:37:11,17.6,5,2,27,1,80
764,2021-01-01 07:22:24,2021-01-01 10:31:54,17.0,4,2,83,3,65
765,2021-01-01 14:10:53,2021-01-01 18:23:31,10.2,2,1,70,3,73
766,2021-01-01 02:18:00,2021-01-01 01:02:05,19.7,4,1,9,1,24
767,2021-01-01 00:51:25,2021-01-01 10:43:35,10.7,5,2,70,1,68
768,2021-01-01 11:51:51,2021-01-01 15:38:04,12.9,5,1,12,3,17
769,2021-01-01 08:59:28,2021-01-01 13:18:45,12.6,6,1,97,1,88
770,2021-01-01 12:12:01,2021-01-01 18:58:20,11.4,6,2,13,3,91
771,2021-01-01 16:47:25,2021-01-01 13:08:05,16.8,6,2,37,2,88
772,2021-01-01 05:10:44,2021-01-01 16:02:20,10.1,4,1,43,2,53
773,2021-01-01 04:24:03,2021-01-01 02:28:23,11.2,1,2,27,3,98
774,2021-01-01 10:04:15,2021-01-01 12:56:16,9.1,4,1,68,3,9
775,2021-01-01 11:29:06,2021-01-01 12:10:47,5.3,6,1,3,2,75
776,2021-01-01 07:25:58,2021-01-01 17:48:57,13.1,4,1,51,3,62
777,2021-01-01 15:34:04,2021-01-01 05:35:43,18.2,1,1,65,2,100
778,2021-01-01 15:46:01,2021-01-01 00:29:53,12.4,6,1,76,1,33
779,2021-01-01 04:00:31,2021-01-01 13:22:30,8.8,4,2,53,3,83
780,2021-01-01 01:34:10,2021-01-01 01:18:13,7.4,3,2,89,2,73
781,2021-01-01 02:56:01,2021-01-01 08:12:25,16.4,3,1,76,2,21
782,2021-01-01 01:29:19,2021-01-01 01:38:30,12.0,5,1,54,3,66
783,2021-01-01 16:48:21,2021-01-01 01:17:38,8.1,3,2,6,1,82
784,2021-01-01 04:13:20,2021-01-01 11:49:52,4.6,6,1,69,3,16
785,2021-01-01 01:33:11,2021-01-01 06:24:32,5.6,5,2,2,3,10
786,2021-01-01 13:22:44,2021-01-01 06:11:37,5.7,4,1,41,2,94
787,2021-01-01 12:01:57,2021-01-01 06:43:15,7.8,5,1,98,3,34
788,2021-01-01 16:56:16,2021-01-01 01:41:09,19.1,1,1,21,1,85
789,2021-01-01 13:01:27,2021-01-01 15:48:36,2.5,6,2,17,1,41
790,2021-01-01 11:06:07,2021-01-01 11:44:43,14.7,5,2,74,2,76
791,2021-01-01 16:00:10,2021-01-01 11:46:01,17.3,3,1,38,3,45
792,2021-01-01 14:26:16,2021-01-01 11:09:06,3.6,3,2,21,2,91
793,2021-01-01 10:21:21,2021-01-01 12:56:20,12.5,6,2,15,3,48
794,2021-01-01 15:04:58,2021-01-01 05:20:56,5.1,4,2,4,3,29
795,2021-01-01 13:28:03,2021-01-01 16:53:48,18.5,4,2,19,3,30
796,2021-01-01 13:22:58,2021-01-01 13:03:13,7.0,4,2,36,2,14
797,2021-01-01 12:46:42,2021-01-01 08:35:53,4.6,6,1,57,2,14
798,2021-01-01 05:57:23,2021-01-01 17:51:27,10.1,3,2,31,3,1
799,2021-01-01 12:11:52,2021-01-01 02:37:00,12.6,5,2,62,1,21
800,2021-01-01 10:55:41,2021-01-01 13:14:27,13.4,1,1,58,3,41
801,2021-01-01 13:11:16,2021-01-01 08:13:06,6.2,2,1,72,2,47
802,2021-01-01 10:57:54,2021-01-01 01:07:23,12.8,3,2,75,3,24
803,2021-01-01 11:41:51,2021-01-01 10:21:49,9.6,2,1,67,3,40
804,2021-01-01 10:13:17,2021-01-01 06:48:04,15.5,5,2,83,2,31
805,2021-01-01 10:28:41,2021-01-01 05:33:55,4.0,4,2,4,3,14
806,2021-01-01 00:23:21,2021-01-01 06:54:51,14.7,1,2,21,2,85
807,2021-01-01 16:46:59,2021-01-01 13:11:41,18.5,6,1,49,2,6
808,2021-01-01 13:12:35,2021-01-01 02:10:58,17.9,2,2,3,1,98
809,2021-01-01 10:49:00,2021-01-01 06:05:07,19.0,6,2,74,2,66
810,2021-01-01 07:47:01,2021-01-01 18:14:25,13.7,6,2,31,2,64
811,2021-01-01 10:56:04,2021-01-01 17:08:57,6.2,2,2,87,3,49
812,2021-01-01 13:01:09,2021-01-01 07:48:17,2.4,4,1,7,1,19
813,2021-01-01 19:01:13,2021-01-01 08:11:57,3.9,6,1,90,2,27
814,2021-01-01 09:10:12,2021-01-01 19:07:01,11.2,6,1,57,2,69
815,2021-01-01 14:04:04,2021-01-01 13:53:24,10.0,3,1,13,1,23
816,2021-01-01 13:56:53,2021-01-01 13:44:34,11.5,4,1,20,2,64
817,2021-01-01 11:05:54,2021-01-01 03:01:19,17.3,4,2,82,2,96
818,2021-01-01 05:16:46,2021-01-01 01:18:22,14.8,2,2,11,2,23
819,2021-01-01 09:25:20,2021-01-01 10:27:53,8.4,4,1,73,3,11
820,2021-01-01 12:02:29,2021-01-01 05:25:38,3.8,5,2,57,1,64
821,2021-01-01 14:37:40,2021-01-01 11:18:57,11.6,4,1,45,3,51
822,2021-01-01 04:38:05,2021-01-01 04:17:50,9.5,2,2,47,1,17
823,2021-01-01 11:46:20,2021-01-01 11:09:26,18.8,3,1,92,2,55
824,2021-01-01 01:13:39,2021-01-01 18:05:38,10.5,5,2,76,2,35
825,2021-01-01 04:45:05,2021-01-01 12:10:26,6.9,5,2,58,1,14
826,2021-01-01 07:56:15,2021-01-01 08:24:55,6.2,3,2,88,2,89
827,2021-01-01 10:16:51,2021-01-01 13:45:58,12.4,6,1,50,1,32
828,2021-01-01 03:05:29,2021-01-01 15:21:38,19.5,3,1,57,3,95
829,2021-01-01 11:58:07,2021-01-01 11:56:36,3.0,2,2,59,3,94
830,2021-01-01 03:45:25,2021-01-01 00:58:05,18.7,3,1,15,2,85
831,2021-01-01 05:26:16,2021-01-01 10:02:29,5.3,3,1,78,3,30
832,2021-01-01 10:05:09,2021-01-01 11:42:31,14.3,3,1,41,1,41
833,2021-01-01 01:16:10,2021-01-01 01:13:52,15.8,4,1,50,2,25
834,2021-01-01 11:33:09,2021-01-01 13:37:42,2.6,4,1,11,1,48
835,2021-01-01 15:00:01,2021-01-01 07:57:08,9.1,5,2,11,3,3
836,2021-01-01 09:42:32,2021-01-01 13:25:54,10.8,1,1,75,2,61
837,2021-01-01 02:46:42,2021-01-01 03:48:15,6.9,5,1,87,1,38
838,2021-01-01 13:13:46,2021-01-01 14:14:00,8.9,5,1,21,2,8
839,2021-01-01 17:03:15,2021-01-01 17:55:45,16.5,2,1,45,1,28
840,2021-01-01 14:06:34,2021-01-01 16:48:28,12.7,6,2,17,1,8
841,2021-01-01 07:32:48,2021-01-01 00:15:41,17.2,6,1,49,3,62
842,2021-01-01 06:07:00,2021-01-01 16:03:48,19.7,5,1,20,1,69
843,2021-01-01 18:50:20,2021-01-01 01:01:08,10.7,6,2,38,3,14
844,2021-01-01 11:43:22,2021-01-01 10:39:01,10.1,6,2,31,3,32
845,2021-01-01 13:46:26,2021-01-01 00:18:40,14.9,3,2,59,1,32
846,2021-01-01 15:15:30,2021-01-01 04:30:15,13.9,6,2,57,2,22
847,2021-01-01 13:41:25,2021-01-01 13:20:07,11.6,1,2,12,3,73
848,2021-01-01 19:19:10,2021-01-01 06:06:51,6.4,1,2,17,1,22
849,2021-01-01 16:23:13,2021-01-01 18:59:26,7.6,4,1,60,1,41
850,2021-01-01 01:22:33,2021-01-01 12:08:54,16.1,5,1,91,1,33
851,2021-01-01 01:52:54,2021-01-01 13:24:44,13.8,3,1,2,1,9
852,2021-01-01 03:23:17,2021-01-01 19:05:45,4.2,6,1,24,2,57
853,2021-01-01 05:37:46,2021-01-01 10:13:28,8.0,4,2,68,1,53
854,2021-01-01 06:35:52,2021-01-01 11:42:05,11.0,4,2,5,1,17
855,2021-01-01 15:34:52,2021-01-01 12:10:09,12.7,1,1,73,1,31
856,2021-01-01 00:45:58,2021-01-01 16:05:53,15.0,3,2,19,2,55
857,2021-01-01 04:29:38,2021-01-01 00:47:17,5.8,5,2,14,2,87
858,2021-01-01 17:18:06,2021-01-01 11:30:05,4.9,2,1,87,1,25
859,2021-01-01 13:51:06,2021-01-01 07:37:05,10.4,5,1,32,2,20
860,2021-01-01 03:01:32,2021-01-01 10:41:23,15.1,3,2,52,3,28
861,2021-01-01 10:57:20,2021-01-01 10:39:03,17.3,3,1,26,1,48
862,2021-01-01 18:05:40,2021-01-01 17:15:22,8.3,3,1,36,2,84
863,2021-01-01 11:54:03,2021-01-01 19:31:22,12.1,6,1,10,1,76
864,2021-01-01 17:32:18,2021-01-01 08:15:09,11.0,1,1,59,1,16
865,2021-01-01 00:39:23,2021-01-01 18:01:07,14.3,5,1,39,2,11
866,2021-01-01 12:53:29,2021-01-01 15:46:37,17.2,4,1,11,3,88
867,2021-01-01 01:22:32,2021-01-01 01:47:54,7.7,6,1,85,1,3
868,2021-01-01 08:06:40,2021-01-01 02:54:32,11.3,6,2,65,2,50
869,2021-01-01 11:49:25,2021-01-01 13:01:18,6.9,1,1,4,3,39
870,2021-01-01 00:50:53,2021-01-01 03:40:15,9.4,4,2,72,2,95
871,2021-01-01 19:06:20,2021-01-01 13:58:51,9.6,3,1,48,3,93
872,2021-01-01 11:45:26,2021-01-01 12:38:06,4.0,2,2,41,3,5
873,2021-01-01 13:59:38,2021-01-01 11:03:48,20.0,5,2,17,2,6
874,2021-01-01 15:16:43,2021-01-01 08:34:13,15.6,5,1,40,3,11
875,2021-01-01 17:44:15,2021-01-01 05:54:19,3.1,2,1,93,3,76
876,2021-01-01 12:53:32,2021-01-01 13:48:49,20.0,6,2,32,1,5
877,2021-01-01 03:03:55,2021-01-01 07:51:58,10.4,5,2,6,1,43
878,2021-01-01 10:41:54,2021-01-01 15:12:48,6.0,1,2,7,3,41
879,2021-01-01 18:12:32,2021-01-01 16:32:54,3.4,1,2,56,2,99
880,2021-01-01 12:39:02,2021-01-01 00:46:37,8.4,1,2,11,3,76
881,2021-01-01 03:00:52,2021-01-01 04:44:07,14.8,6,1,46,1,39
882,2021-01-01 14:28:03,2021-01-01 09:04:51,19.6,5,2,11,2,91
883,2021-01-01 12:24:13,2021-01-01 07:40:22,2.2,2,2,71,2,59
884,2021-01-01 16:08:18,2021-01-01 03:19:28,6.2,3,2,29,2,63
885,2021-01-01 09:39:05,2021-01-01 11:05:42,4.7,4,1,35,1,15
886,2021-01-01 12:31:51,2021-01-01 11:34:54,8.7,1,1,71,3,69
887,2021-01-01 18:58:19,2021-01-01 08:36:44,14.0,4,1,67,3,33
888,2021-01-01 08:50:13,2021-01-01 12:30:38,9.8,6,2,22,3,35
889,2021-01-01 14:24:58,2021-01-01 10:22:13,15.2,6,2,86,3,93
890,2021-01-01 19:06:40,2021-01-01 12:29:17,5.9,6,1,63,3,22
891,2021-01-01 11:23:10,2021-01-01 19:07:20,19.9,5,2,41,2,16
892,2021-01-01 16:05:18,2021-01-01 01:08:20,12.8,6,1,49,3,37
893,2021-01-01 07:57:07,2021-01-01 14:26:37,19.0,5,1,23,3,20
894,2021-01-01 05:06:52,2021-01-01 05:56:50,11.9,5,2,69,3,98
895,2021-01-01 18:40:28,2021-01-01 10:57:58,5.3,5,1,45,3,95
896,2021-01-01 15:23:14,2021-01-01 16:04:45,15.7,3,1,9,3,21
897,2021-01-01 00:52:01,2021-01-01 06:56:10,16.1,6,1,9,3,53
898,2021-01-01 16:44:56,2021-01-01 18:28:00,14.5,2,1,19,2,53
899,2021-01-01 04:29:44,2021-01-01 16:08:13,7.1,2,1,56,2,76
900,2021-01-01 01:20:36,2021-01-01 09:59:37,3.0,1,2,65,2,15
901,2021-01-01 13:17:03,2021-01-01 04:15:13,3.7,5,1,68,3,1
902,2021-01-01 10:54:37,2021-01-01 03:19:18,10.5,4,2,44,2,20
903,2021-01-01 15:15:18,2021-01-01 02:57:02,16.8,4,2,60,3,41
904,2021-01-01 04:27:13,2021-01-01 19:15:26,19.8,5,1,58,2,90
905,2021-01-01 03:09:06,2021-01-01 00:01:19,6.7,4,2,27,3,2
906,2021-01-01 12:19:53,2021-01-01 11:22:17,16.7,5,1,93,3,68
907,2021-01-01 10:39:52,2021-01-01 02:59:24,15.0,3,2,80,1,65
908,2021-01-01 00:19:00,2021-01-01 11:57:29,15.8,1,1,78,3,60
909,2021-01-01 09:40:49,2021-01-01 19:57:22,6.7,1,1,26,3,99
910,2021-01-01 13:20:18,2021-01-01 14:33:24,5.9,1,1,61,2,14
911,2021-01-01 16:31:11,2021-01-01 14:50:51,5.4,4,1,55,1,90
912,2021-01-01 09:29:09,2021-01-01 17:17:41,15.4,1,2,63,2,32
913,2021-01-01 16:35:21,2021-01-01 09:12:08,14.3,1,1,16,2,19
914,2021-01-01 12:27:54,2021-01-01 17:50:54,16.6,6,1,87,2,38
915,2021-01-01 07:39:41,2021-01-01 10:51:10,6.0,5,2,9,1,36
916,2021-01-01 02:46:43,2021-01-01 07:21:10,19.8,6,1,36,2,42
917,2021-01-01 18:47:54,2021-01-01 13:13:24,16.7,6,2,68,3,50
918,2021-01-01 00:02:33,2021-01-01 16:29:01,6.1,5,1,40,1,8
919,2021-01-01 15:49:27,2021-01-01 12:28:00,15.1,2,2,44,1,11
920,2021-01-01 04:56:32,2021-01-01 07:24:28,3.3,1,1,72,1,56
921,2021-01-01 00:29:56,2021-01-01 03:19:54,9.9,3,1,81,2,5
922,2021-01-01 14:09:57,2021-01-01 10:31:49,12.7,2,2,49,1,37
923,2021-01-01 12:59:14,2021-01-01 07:14:22,10.8,2,2,47,3,25
924,2021-01-01 10:02:30,2021-01-01 11:02:15,9.4,5,1,47,2,69
925,2021-01-01 13:50:13,2021-01-01 10:10:41,16.2,1,1,33,1,6
926,2021-01-01 08:50:53,2021-01-01 11:35:50,9.6,1,2,93,1,56
927,2021-01-01 17:44:13,2021-01-01 13:29:20,6.9,1,2,15,1,27
928,2021-01-01 10:10:21,2021-01-01 04:15:09,11.8,3,2,40,1,53
929,2021-01-01 16:46:13,2021-01-01 12:10:16,18.3,4,2,84,1,18
930,2021-01-01 10:45:40,2021-01-01 06:29:22,3.9,1,2,41,1,26
931,2021-01-01 18:30:25,2021-01-01 08:12:08,8.0,6,1,56,1,40
932,2021-01-01 04:39:13,2021-01-01 12:12:24,2.9,4,1,89,2,83
933,2021-01-01 01:29:13,2021-01-01 07:44:21,6.3,3,2,38,3,56
934,2021-01-01 14:25:11,2021-01-01 06:26:47,16.3,3,2,96,1,44
935,2021-01-01 13:24:57,2021-01-01 05:19:16,19.3,3,1,73,3,63
936,2021-01-01 16:15:24,2021-01-01 18:13:34,14.3,2,1,13,3,38
937,2021-01-01 11:10:54,2021-01-01 00:30:29,15.8,4,2,100,2,9
938,2021-01-01 01:12:39,2021-01-01 19:45:40,18.3,1,1,19,2,1
939,2021-01-01 16:18:19,2021-01-01 12:00:15,18.2,2,2,34,3,80
940,2021-01-01 12:40:47,2021-01-01 05:25:26,10.7,4,2,50,3,9
941,2021-01-01 11:16:09,2021-01-01 18:13:16,6.8,2,2,51,2,51
942,2021-01-01 02:07:13,2021-01-01 19:41:55,15.5,4,1,97,2,94
943,2021-01-01 15:29:07,2021-01-01 14:37:48,11.4,4,1,46,2,50
944,2021-01-01 03:27:02,2021-01-01 19:43:36,16.5,3,2,74,1,42
945,2021-01-01 14:54:16,2021-01-01 07:57:00,12.4,3,1,77,1,64
946,2021-01-01 00:59:44,2021-01-01 00:38:51,8.9,5,2,87,3,56
947,2021-01-01 01:39:11,2021-01-01 00:16:42,4.9,4,2,40,2,64
948,2021-01-01 06:28:14,2021-01-01 10:56:36,5.1,2,2,3,3,23
949,2021-01-01 16:48:54,2021-01-01 00:00:59,19.8,3,1,64,1,95
950,2021-01-01 02:44:51,2021-01-01 06:14:01,9.8,5,2,42,1,6
951,2021-01-01 19:56:51,2021-01-01 10:33:03,10.3,2,1,49,2,32
952,2021-01-01 11:29:34,2021-01-01 10:51:54,16.9,4,1,18,2,44
953,2021-01-01 14:18:41,2021-01-01 13:29:53,6.5,2,2,33,1,28
954,2021-01-01 02:18:19,2021-01-01 08:15:29,6.7,4,2,92,3,69
955,2021-01-01 10:21:40,2021-01-01 18:11:35,13.8,1,2,5,3,52
956,2021-01-01 10:56:34,2021-01-01 14:05:11,8.9,6,2,95,3,86
957,2021-01-01 02:21:51,2021-01-01 19:14:02,18.7,5,1,94,2,61
958,2021-01-01 13:24:47,2021-01-01 14:14:55,13.4,1,1,2,1,84
959,2021-01-01 13:53:41,2021-01-01 11:25:51,11.8,2,1,58,1,55
960,2021-01-01 07:07:49,2021-01-01 14:22:20,3.7,1,1,61,2,18
961,2021-01-01 18:14:35,2021-01-01 02:58:19,9.8,2,2,19,3,86
962,2021-01-01 01:54:35,2021-01-01 18:11:20,5.7,1,2,56,3,33
963,2021-01-01 16:56:47,2021-01-01 14:06:39,18.4,6,1,11,1,99
964,2021-01-01 17:37:59,2021-01-01 01:26:02,10.1,4,2,69,3,48
965,2021-01-01 13:55:30,2021-01-01 06:22:38,14.3,5,1,70,2,87
966,2021-01-01 13:30:42,2021-01-01 09:03:55,2.2,3,1,78,3,67
967,2021-01-01 04:41:12,2021-01-01 12:20:27,17.4,2,2,68,1,51
968,2021-01-01 09:45:45,2021-01-01 11:17:33,12.7,2,1,89,2,73
969,2021-01-01 15:52:15,2021-01-01 12:44:15,11.3,6,1,72,3,16
970,2021-01-01 11:56:21,2021-01-01 03:42:23,19.2,1,1,17,1,9
971,2021-01-01 12:40:45,2021-01-01 00:36:25,15.9,5,1,77,2,94
972,2021-01-01 15:21:49,2021-01-01 12:00:48,3.7,4,2,12,2,99
973,2021-01-01 19:10:48,2021-01-01 10:06:21,10.4,5,2,91,1,33
974,2021-01-01 04:05:10,2021-01-01 07:00:19,4.0,2,2,11,1,29
975,2021-01-01 17:53:40,2021-01-01 11:19:15,18.8,5,1,51,3,46
976,2021-01-01 06:57:20,2021-01-01 11:48:36,6.8,1,1,66,1,30
977,2021-01-01 00:37:05,2021-01-01 02:09:35,13.0,4,2,93,3,14
978,2021-01-01 00:31:25,2021-01-01 10:30:04,7.1,5,2,88,2,1
979,2021-01-01 08:40:48,2021-01-01 13:02:33,12.7,4,2,77,2,15
980,2021-01-01 00:50:43,2021-01-01 06:30:55,12.8,3,2,35,2,92
981,2021-01-01 03:28:22,2021-01-01 07:33:50,4.0,2,1,99,1,51
982,2021-01-01 11:06:56,2021-01-01 16:00:40,15.7,6,2,68,3,98
983,2021-01-01 00:46:11,2021-01-01 13:50:22,18.1,5,1,42,3,48
984,2021-01-01 17:56:09,2021-01-01 19:01:00,19.3,5,2,58,2,65
985,2021-01-01 13:26:43,2021-01-01 15:02:40,16.1,4,1,9,3,2
986,2021-01-01 18:53:11,2021-01-01 09:01:54,4.1,6,1,83,3,21
987,2021-01-01 02:14:25,2021-01-01 16:58:18,3.7,6,1,17,3,96
988,2021-01-01 10:22:51,2021-01-01 13:38:48,19.3,1,2,78,2,79
989,2021-01-01 13:25:58,2021-01-01 09:13:35,13.3,5,2,2,2,11
990,2021-01-01 03:18:22,2021-01-01 04:44:46,18.7,4,2,10,3,17
991,2021-01-01 13:05:50,2021-01-01 15:09:01,9.6,6,1,4,2,55
992,2021-01-01 04:02:45,2021-01-01 03:17:33,10.6,6,2,81,2,83
993,2021-01-01 10:47:10,2021-01-01 11:35:59,7.9,5,1,31,1,37
994,2021-01-01 16:17:52,2021-01-01 12:03:17,7.9,5,2,94,3,26
995,2021-01-01 05:52:17,2021-01-01 10:44:54,15.7,3,1,1,2,91
996,2021-01-01 00:35:21,2021-01-01 11:11:58,12.9,1,1,64,1,11
997,2021-01-01 03:48:22,2021-01-01 13:06:23,7.9,1,2,34,2,18
998,2021-01-01 11:29:45,2021-01-01 12:41:54,13.3,3,2,80,1,57
999,2021-01-01 12:02:04,2021-01-01 05:03:23,18.8,5,1,51,2,61
1000,2021-01-01 18:46:10,2021-01-01 10:33:44,2.3,5,1,46,1,92